{"cameraMode":{"drawMode":0,"name":"Shaded","section":"Shading Mode"},"sceneLighting":true,"audioPlay":false,"sceneViewState":{"showFog":true,"showMaterialUpdate":false,"showSkybox":true,"showFlares":true,"showImageEffects":true,"showParticleSystems":true},"in2DMode":false,"pivot":{"x":-16.25303077697754,"y":13.865891456604004,"z":-5.399514198303223},"rotation":{"x":0.30039942264556887,"y":0.5901825428009033,"z":-0.2511352598667145,"w":0.7059574723243713},"size":3.098642349243164,"orthographic":false}